{
  "iterations": 5,
  "success_rate": 100.0,
  "avg_execution_time": 0.020692825317382812,
  "std_execution_time": 0.0005270590923818115,
  "cv_execution_time": 2.547062009647665,
  "avg_similarity": 1.0,
  "execution_times": [
    0.02166008949279785,
    0.020776987075805664,
    0.02031707763671875,
    0.020550966262817383,
    0.020159006118774414
  ],
  "success_rates": [
    1,
    1,
    1,
    1,
    1
  ],
  "insight_counts": [
    7,
    7,
    7,
    7,
    7
  ]
}