{
  "metrics": {
    "accuracy": {
      "correlation_significance": [],
      "regression_r_squared": [
        0.691546181817068,
        0.0010598155526048449
      ],
      "outlier_detection": [],
      "insight_relevance": []
    },
    "efficiency": {
      "total_runtime": [
        1.1049859523773193
      ],
      "step_runtimes": {
        "data_collection": [
          0.1101529598236084
        ],
        "data_processing": [
          0.11494803428649902
        ],
        "statistical_analysis": [
          0.12013101577758789
        ],
        "insight_generation": [
          0.12716102600097656
        ],
        "report_generation": [
          0.10679483413696289
        ]
      },
      "memory_usage": [
        1.671875
      ],
      "cpu_usage": [
        12.48
      ]
    },
    "reliability": {
      "error_rate": [
        0
      ],
      "error_types": {},
      "recovery_rate": [],
      "consistency": []
    },
    "system": {
      "dataset_size": [
        500
      ],
      "feature_count": [
        5
      ],
      "insight_count": [
        8
      ],
      "recommendation_count": [
        4
      ]
    }
  },
  "summary": {
    "accuracy": {
      "avg_r_squared": 0.3463029986848364
    },
    "efficiency": {
      "avg_runtime": 1.1049859523773193,
      "avg_data_collection_runtime": 0.1101529598236084,
      "avg_data_processing_runtime": 0.11494803428649902,
      "avg_statistical_analysis_runtime": 0.12013101577758789,
      "avg_insight_generation_runtime": 0.12716102600097656,
      "avg_report_generation_runtime": 0.10679483413696289,
      "avg_memory_usage": 1.671875,
      "avg_cpu_usage": 12.48
    },
    "reliability": {
      "error_rate": 0.0,
      "error_types": {}
    },
    "system": {
      "avg_dataset_size": 500.0,
      "avg_feature_count": 5.0,
      "avg_insight_count": 8.0,
      "avg_recommendation_count": 4.0
    }
  },
  "timestamp": "2025-08-02T04:03:26.244942"
}