{
  "status": "success",
  "analyses": {
    "descriptive": {
      "daily_sales": {
        "count": 500.0,
        "mean": 0.3593493856723053,
        "std": 0.20059215058773505,
        "min": 0.0,
        "25%": 0.2095338873886521,
        "50%": 0.32310550982011904,
        "75%": 0.4748471163409972,
        "max": 1.0,
        "skew": 0.7370393768852188,
        "kurtosis": 0.2238224419636734
      },
      "marketing_spend": {
        "count": 500.0,
        "mean": 0.5185709314957626,
        "std": 0.20545188194381286,
        "min": 0.0,
        "25%": 0.36303070488172234,
        "50%": 0.5293013468705745,
        "75%": 0.6719296065569282,
        "max": 1.0,
        "skew": -0.05515683585319501,
        "kurtosis": -0.6804247761248448
      },
      "new_customers": {
        "count": 500.0,
        "mean": 0.48207454525587656,
        "std": 0.19914963329603205,
        "min": 0.0,
        "25%": 0.33603065881443545,
        "50%": 0.4820698793133637,
        "75%": 0.6403941458149429,
        "max": 1.0,
        "skew": 0.055410239439633725,
        "kurtosis": -0.6262798020194
      },
      "repeat_customers": {
        "count": 500.0,
        "mean": 0.47592454721910915,
        "std": 0.2120968412440373,
        "min": 0.0,
        "25%": 0.3105130114170381,
        "50%": 0.46657612119771774,
        "75%": 0.6401074408018999,
        "max": 1.0,
        "skew": 0.04262624906391179,
        "kurtosis": -0.7302302802872824
      },
      "profit_margin": {
        "count": 500.0,
        "mean": 0.5458309859154931,
        "std": 0.28459979529494595,
        "min": 0.0,
        "25%": 0.2394366197183101,
        "50%": 0.591549295774648,
        "75%": 0.7464788732394367,
        "max": 1.0,
        "skew": 0.03591840772823647,
        "kurtosis": -1.2723016981501358
      },
      "profit": {
        "count": 500.0,
        "mean": 0.42944858901644783,
        "std": 0.21368848945763452,
        "min": 0.0,
        "25%": 0.2684662035558442,
        "50%": 0.4226332700591727,
        "75%": 0.5796064864173784,
        "max": 1.0,
        "skew": 0.15786805155207015,
        "kurtosis": -0.6088914387374564
      },
      "customer_satisfaction": {
        "count": 500.0,
        "mean": 0.4904600895226881,
        "std": 0.18992792548838133,
        "min": 0.0,
        "25%": 0.35838459311769993,
        "50%": 0.4699222257810797,
        "75%": 0.6301885204962344,
        "max": 1.0,
        "skew": 0.10766388405394176,
        "kurtosis": -0.35168955731142004
      }
    },
    "correlation": {
      "matrix": {
        "daily_sales": {
          "daily_sales": 1.0,
          "marketing_spend": 0.2264068566297097,
          "new_customers": 0.5170866444888995,
          "repeat_customers": 0.5378382413258364,
          "profit_margin": -0.16538488537838933,
          "profit": 0.47138916403822606,
          "customer_satisfaction": -0.43357150200716404
        },
        "marketing_spend": {
          "daily_sales": 0.2264068566297097,
          "marketing_spend": 1.0,
          "new_customers": 0.41466321850824706,
          "repeat_customers": 0.40968596974406996,
          "profit_margin": -0.009105564948726825,
          "profit": 0.1689000164998585,
          "customer_satisfaction": 0.02698884476552915
        },
        "new_customers": {
          "daily_sales": 0.5170866444888995,
          "marketing_spend": 0.41466321850824706,
          "new_customers": 1.0,
          "repeat_customers": 0.9707636648189494,
          "profit_margin": 0.009657726007960513,
          "profit": 0.4086450114365699,
          "customer_satisfaction": -0.008769009072850659
        },
        "repeat_customers": {
          "daily_sales": 0.5378382413258364,
          "marketing_spend": 0.40968596974406996,
          "new_customers": 0.9707636648189494,
          "repeat_customers": 1.0,
          "profit_margin": 0.015555620434927725,
          "profit": 0.4247621835225172,
          "customer_satisfaction": -0.020397868419380228
        },
        "profit_margin": {
          "daily_sales": -0.16538488537838933,
          "marketing_spend": -0.009105564948726825,
          "new_customers": 0.009657726007960513,
          "repeat_customers": 0.015555620434927725,
          "profit_margin": 1.0,
          "profit": 0.7534888583257647,
          "customer_satisfaction": -0.35283666944544906
        },
        "profit": {
          "daily_sales": 0.47138916403822606,
          "marketing_spend": 0.1689000164998585,
          "new_customers": 0.4086450114365699,
          "repeat_customers": 0.4247621835225172,
          "profit_margin": 0.7534888583257647,
          "profit": 1.0,
          "customer_satisfaction": -0.5720364588016188
        },
        "customer_satisfaction": {
          "daily_sales": -0.43357150200716404,
          "marketing_spend": 0.02698884476552915,
          "new_customers": -0.008769009072850659,
          "repeat_customers": -0.020397868419380228,
          "profit_margin": -0.35283666944544906,
          "profit": -0.5720364588016188,
          "customer_satisfaction": 1.0
        }
      },
      "highest_correlations": {
        "new_customers__repeat_customers": 0.9707636648189494,
        "repeat_customers__new_customers": 0.9707636648189494,
        "profit__profit_margin": 0.7534888583257647,
        "profit_margin__profit": 0.7534888583257647,
        "repeat_customers__daily_sales": 0.5378382413258364
      }
    },
    "regression": {
      "marketing_spend": {
        "slope": 0.22105145910312352,
        "intercept": 0.24471852461670107,
        "r_squared": 0.05126006472894603,
        "p_value": 3.1121146105264177e-07,
        "std_error": 0.042615023302851184
      },
      "new_customers": {
        "slope": 0.5208321016792481,
        "intercept": 0.10826948710061929,
        "r_squared": 0.26737859790878943,
        "p_value": 1.5567415127777088e-35,
        "std_error": 0.0386330995255535
      },
      "repeat_customers": {
        "slope": 0.5086644801642359,
        "intercept": 0.11726347326369777,
        "r_squared": 0.28926997383246833,
        "p_value": 7.848890521503594e-39,
        "std_error": 0.035728714785458665
      },
      "profit_margin": {
        "slope": -0.11656687875820945,
        "intercept": 0.4229752000299905,
        "r_squared": 0.027352160311622978,
        "p_value": 0.00020362828500473015,
        "std_error": 0.031148884119348286
      },
      "profit": {
        "slope": 0.44249910895143935,
        "intercept": 0.16931876769207424,
        "r_squared": 0.22220774397265733,
        "p_value": 5.0324420579977e-29,
        "std_error": 0.0370979525587389
      },
      "customer_satisfaction": {
        "slope": -0.4579160215515111,
        "intercept": 0.5839389185963326,
        "r_squared": 0.18798424735274788,
        "p_value": 2.4769729627611204e-24,
        "std_error": 0.04264741042885621
      }
    }
  }
}