{
  "status": "success",
  "analyses": {
    "descriptive": {
      "numeric_0": {
        "count": 100.0,
        "mean": 0.5066351856977347,
        "std": 0.2448902577250531,
        "min": 0.0,
        "25%": 0.2818610886373115,
        "50%": 0.5088457247066975,
        "75%": 0.7048306007737627,
        "max": 1.0,
        "skew": 0.11196034288167898,
        "kurtosis": -1.0462753231549495
      },
      "numeric_1": {
        "count": 100.0,
        "mean": 0.4414931457301987,
        "std": 0.21590620090243542,
        "min": 0.0,
        "25%": 0.3076363798162701,
        "50%": 0.45328608870372744,
        "75%": 0.5758222672672297,
        "max": 1.0,
        "skew": 0.018297851225003478,
        "kurtosis": -0.33983664963410165
      },
      "numeric_2": {
        "count": 100.0,
        "mean": 0.47853417657204345,
        "std": 0.2206511877163579,
        "min": 0.0,
        "25%": 0.31716954677608167,
        "50%": 0.4728095069346836,
        "75%": 0.6565168609231815,
        "max": 1.0,
        "skew": 0.12468577778889142,
        "kurtosis": -0.5789180376071168
      },
      "numeric_3": {
        "count": 100.0,
        "mean": 0.4923412578797695,
        "std": 0.23045684608774772,
        "min": 0.0,
        "25%": 0.3256956328551639,
        "50%": 0.4903985345777535,
        "75%": 0.688117833564869,
        "max": 1.0,
        "skew": -0.15003406932047972,
        "kurtosis": -0.6908295052314051
      },
      "numeric_4": {
        "count": 100.0,
        "mean": 0.47904138875983115,
        "std": 0.2503094970723175,
        "min": 0.0,
        "25%": 0.2776038007414311,
        "50%": 0.4657413118386026,
        "75%": 0.7066351263587685,
        "max": 1.0,
        "skew": 0.2152082170955515,
        "kurtosis": -0.9233818674692471
      },
      "target": {
        "count": 100.0,
        "mean": 0.4678301349059422,
        "std": 0.24384778856925263,
        "min": 0.0,
        "25%": 0.28573116628631245,
        "50%": 0.46974431130318145,
        "75%": 0.6539001259225012,
        "max": 1.0,
        "skew": 0.18317741146313954,
        "kurtosis": -0.7905350081692921
      }
    },
    "correlation": {
      "matrix": {
        "numeric_0": {
          "numeric_0": 1.0,
          "numeric_1": -0.3543160794596456,
          "numeric_2": 0.6366264684762831,
          "numeric_3": 0.6052582873687484,
          "numeric_4": 0.9093133339318038,
          "target": 0.6723721300177827
        },
        "numeric_1": {
          "numeric_0": -0.3543160794596456,
          "numeric_1": 1.0,
          "numeric_2": -0.3318834460170885,
          "numeric_3": -0.24700226926329127,
          "numeric_4": -0.3440480128440941,
          "target": -0.4194122441432992
        },
        "numeric_2": {
          "numeric_0": 0.6366264684762831,
          "numeric_1": -0.3318834460170885,
          "numeric_2": 1.0,
          "numeric_3": 0.41207848868872016,
          "numeric_4": 0.6264788327062689,
          "target": 0.8935134027523517
        },
        "numeric_3": {
          "numeric_0": 0.6052582873687484,
          "numeric_1": -0.24700226926329127,
          "numeric_2": 0.41207848868872016,
          "numeric_3": 1.0,
          "numeric_4": 0.5460512077022025,
          "target": 0.28544006770488145
        },
        "numeric_4": {
          "numeric_0": 0.9093133339318038,
          "numeric_1": -0.3440480128440941,
          "numeric_2": 0.6264788327062689,
          "numeric_3": 0.5460512077022025,
          "numeric_4": 1.0,
          "target": 0.729136162032137
        },
        "target": {
          "numeric_0": 0.6723721300177827,
          "numeric_1": -0.4194122441432992,
          "numeric_2": 0.8935134027523517,
          "numeric_3": 0.28544006770488145,
          "numeric_4": 0.729136162032137,
          "target": 1.0
        }
      },
      "highest_correlations": {
        "numeric_0__numeric_4": 0.9093133339318038,
        "numeric_4__numeric_0": 0.9093133339318038,
        "target__numeric_2": 0.8935134027523517,
        "numeric_2__target": 0.8935134027523517,
        "target__numeric_4": 0.729136162032137
      }
    },
    "regression": {
      "numeric_0": {
        "slope": 0.669509920580483,
        "intercept": 0.12863285196617363,
        "r_squared": 0.45208428122465,
        "p_value": 1.8598058077051854e-14,
        "std_error": 0.07445453491849804
      },
      "numeric_1": {
        "slope": -0.4736906480950329,
        "intercept": 0.6769613092363949,
        "r_squared": 0.1759066305373185,
        "p_value": 1.4028339100165525e-05,
        "std_error": 0.10356878415123105
      },
      "numeric_2": {
        "slope": 0.987446610068695,
        "intercept": -0.004696815552136413,
        "r_squared": 0.7983662008980859,
        "p_value": 7.527161459069901e-36,
        "std_error": 0.05012809268410466
      },
      "numeric_3": {
        "slope": 0.3020258693134721,
        "intercept": 0.3191303384959165,
        "r_squared": 0.08147603225136718,
        "p_value": 0.0039937165582252365,
        "std_error": 0.10243807673809895
      },
      "numeric_4": {
        "slope": 0.710313602787675,
        "intercept": 0.12756052017153535,
        "r_squared": 0.5316395427829543,
        "p_value": 7.890315720644298e-18,
        "std_error": 0.06734704836451447
      }
    }
  }
}