{
  "status": "success",
  "analyses": {
    "descriptive": {
      "numeric_0": {
        "count": 50000.0,
        "mean": 0.49534605958551886,
        "std": 0.16832656270073362,
        "min": 0.0,
        "25%": 0.3694538568129175,
        "50%": 0.49523768391194467,
        "75%": 0.6220799740690506,
        "max": 1.0,
        "skew": -0.01575050139437711,
        "kurtosis": -0.5854806724592527
      },
      "numeric_1": {
        "count": 50000.0,
        "mean": 0.49712617957934024,
        "std": 0.16784613765718098,
        "min": 0.0,
        "25%": 0.3651975377116693,
        "50%": 0.4980017385530384,
        "75%": 0.6288736970730399,
        "max": 1.0,
        "skew": -0.004682428843941079,
        "kurtosis": -0.7885000442470158
      },
      "numeric_2": {
        "count": 50000.0,
        "mean": 0.5024320348486888,
        "std": 0.167545449175537,
        "min": 0.0,
        "25%": 0.3797777483573226,
        "50%": 0.5023734114672445,
        "75%": 0.6246136594520585,
        "max": 1.0,
        "skew": -0.0022413728333392727,
        "kurtosis": -0.47967439838220516
      },
      "numeric_3": {
        "count": 50000.0,
        "mean": 0.49960634621286537,
        "std": 0.16514673201391955,
        "min": 0.0,
        "25%": 0.38678876050684385,
        "50%": 0.4999390115303844,
        "75%": 0.6137963273606373,
        "max": 1.0,
        "skew": -0.02892806734575252,
        "kurtosis": -0.21683551014505786
      },
      "numeric_4": {
        "count": 50000.0,
        "mean": 0.49971170555225164,
        "std": 0.1647589194405879,
        "min": 0.0,
        "25%": 0.38723688271085477,
        "50%": 0.4997117055522517,
        "75%": 0.6126028689736802,
        "max": 1.0,
        "skew": -0.005370366552920019,
        "kurtosis": -0.1885943780841557
      },
      "target": {
        "count": 50000.0,
        "mean": 0.49831594660493933,
        "std": 0.16506362551248854,
        "min": 0.0,
        "25%": 0.3861037478105489,
        "50%": 0.4975657089005854,
        "75%": 0.6098025134257861,
        "max": 1.0,
        "skew": 0.03295548718911482,
        "kurtosis": -0.16266220238693574
      }
    },
    "correlation": {
      "matrix": {
        "numeric_0": {
          "numeric_0": 1.0,
          "numeric_1": -0.8269570104494202,
          "numeric_2": -0.7146549512273134,
          "numeric_3": -0.5032833498123689,
          "numeric_4": 0.46145738705775213,
          "target": -0.38605449326850905
        },
        "numeric_1": {
          "numeric_0": -0.8269570104494202,
          "numeric_1": 1.0,
          "numeric_2": 0.777620579751196,
          "numeric_3": 0.5519127364210806,
          "numeric_4": -0.5015337320952279,
          "target": -0.015301257785721034
        },
        "numeric_2": {
          "numeric_0": -0.7146549512273134,
          "numeric_1": 0.777620579751196,
          "numeric_2": 1.0,
          "numeric_3": 0.47257938458332577,
          "numeric_4": -0.4347378820369105,
          "target": 0.14108339798864974
        },
        "numeric_3": {
          "numeric_0": -0.5032833498123689,
          "numeric_1": 0.5519127364210806,
          "numeric_2": 0.47257938458332577,
          "numeric_3": 1.0,
          "numeric_4": -0.30393607068673434,
          "target": 0.4290733348965556
        },
        "numeric_4": {
          "numeric_0": 0.46145738705775213,
          "numeric_1": -0.5015337320952279,
          "numeric_2": -0.4347378820369105,
          "numeric_3": -0.30393607068673434,
          "numeric_4": 1.0,
          "target": 0.22527160592803178
        },
        "target": {
          "numeric_0": -0.38605449326850905,
          "numeric_1": -0.015301257785721034,
          "numeric_2": 0.14108339798864974,
          "numeric_3": 0.4290733348965556,
          "numeric_4": 0.22527160592803178,
          "target": 1.0
        }
      },
      "highest_correlations": {
        "numeric_1__numeric_2": 0.777620579751196,
        "numeric_2__numeric_1": 0.777620579751196,
        "numeric_1__numeric_3": 0.5519127364210806,
        "numeric_3__numeric_1": 0.5519127364210806,
        "numeric_2__numeric_3": 0.47257938458332577
      }
    },
    "regression": {
      "numeric_0": {
        "slope": -0.3785709948677662,
        "intercept": 0.685839597186057,
        "r_squared": 0.14903807177281198,
        "p_value": 0.0,
        "std_error": 0.004045549075784143
      },
      "numeric_1": {
        "slope": -0.01504759728322982,
        "intercept": 0.5057965011541998,
        "r_squared": 0.00023412848982481187,
        "p_value": 0.0006225840514700166,
        "std_error": 0.0043975710547422674
      },
      "numeric_2": {
        "slope": 0.1389935524135306,
        "intercept": 0.4284811332349613,
        "r_squared": 0.01990452518802489,
        "p_value": 1.3209647276935723e-220,
        "std_error": 0.004361909188131579
      },
      "numeric_3": {
        "slope": 0.4288574130718555,
        "intercept": 0.28405606141380807,
        "r_squared": 0.18410392671925635,
        "p_value": 0.0,
        "std_error": 0.0040375926498221965
      },
      "numeric_4": {
        "slope": 0.22568822450252446,
        "intercept": 0.38553689901572336,
        "r_squared": 0.05074729643739233,
        "p_value": 0.0,
        "std_error": 0.004365329699055887
      }
    }
  }
}