{
  "status": "success",
  "analyses": {
    "descriptive": {
      "numeric_0": {
        "count": 1000.0,
        "mean": 0.5262315005080265,
        "std": 0.2047530549685869,
        "min": 0.0,
        "25%": 0.37133933375145184,
        "50%": 0.523705094089369,
        "75%": 0.6739921684673643,
        "max": 1.0,
        "skew": -0.008702782881721936,
        "kurtosis": -0.5967092641821554
      },
      "numeric_1": {
        "count": 1000.0,
        "mean": 0.4669140273103318,
        "std": 0.18200960339134356,
        "min": 0.0,
        "25%": 0.33220568088338853,
        "50%": 0.4677131474158538,
        "75%": 0.5989963608456899,
        "max": 1.0,
        "skew": 0.03600107324851119,
        "kurtosis": -0.580707641917205
      },
      "numeric_2": {
        "count": 1000.0,
        "mean": 0.4977664578988131,
        "std": 0.19067819518309428,
        "min": 0.0,
        "25%": 0.35068214866015157,
        "50%": 0.495512383148643,
        "75%": 0.6463910170030078,
        "max": 1.0,
        "skew": -0.05318025444472407,
        "kurtosis": -0.717148879680749
      },
      "numeric_3": {
        "count": 1000.0,
        "mean": 0.49370253248449036,
        "std": 0.1895035276981066,
        "min": 0.0,
        "25%": 0.3482927253775713,
        "50%": 0.4916241629957563,
        "75%": 0.6343233205834908,
        "max": 1.0,
        "skew": 0.008824843355064862,
        "kurtosis": -0.5819028972910392
      },
      "numeric_4": {
        "count": 1000.0,
        "mean": 0.4468850744351985,
        "std": 0.1927856957494646,
        "min": 0.0,
        "25%": 0.3038927051381768,
        "50%": 0.45476275220503776,
        "75%": 0.5964147910597182,
        "max": 1.0,
        "skew": -0.02376175526288151,
        "kurtosis": -0.8034433345041418
      },
      "target": {
        "count": 1000.0,
        "mean": 0.5385446219328661,
        "std": 0.17799205313369132,
        "min": 0.0,
        "25%": 0.41117431413374655,
        "50%": 0.5338400084273468,
        "75%": 0.6826449889348326,
        "max": 1.0,
        "skew": -0.08608878158431972,
        "kurtosis": -0.5553990478038187
      }
    },
    "correlation": {
      "matrix": {
        "numeric_0": {
          "numeric_0": 1.0,
          "numeric_1": -0.7808621789725643,
          "numeric_2": -0.8094419438281192,
          "numeric_3": 0.765508676713163,
          "numeric_4": -0.8253044534580019,
          "target": -0.670831662416663
        },
        "numeric_1": {
          "numeric_0": -0.7808621789725643,
          "numeric_1": 1.0,
          "numeric_2": 0.8448908294130122,
          "numeric_3": -0.8145161017609908,
          "numeric_4": 0.8529913955074855,
          "target": 0.7354730981138276
        },
        "numeric_2": {
          "numeric_0": -0.8094419438281192,
          "numeric_1": 0.8448908294130122,
          "numeric_2": 1.0,
          "numeric_3": -0.8283846036374661,
          "numeric_4": 0.887339300171608,
          "target": 0.9110728575999847
        },
        "numeric_3": {
          "numeric_0": 0.765508676713163,
          "numeric_1": -0.8145161017609908,
          "numeric_2": -0.8283846036374661,
          "numeric_3": 1.0,
          "numeric_4": -0.8491591297225943,
          "target": -0.9042036297171315
        },
        "numeric_4": {
          "numeric_0": -0.8253044534580019,
          "numeric_1": 0.8529913955074855,
          "numeric_2": 0.887339300171608,
          "numeric_3": -0.8491591297225943,
          "numeric_4": 1.0,
          "target": 0.8099825965310812
        },
        "target": {
          "numeric_0": -0.670831662416663,
          "numeric_1": 0.7354730981138276,
          "numeric_2": 0.9110728575999847,
          "numeric_3": -0.9042036297171315,
          "numeric_4": 0.8099825965310812,
          "target": 1.0
        }
      },
      "highest_correlations": {
        "numeric_2__target": 0.9110728575999847,
        "target__numeric_2": 0.9110728575999847,
        "numeric_4__numeric_2": 0.887339300171608,
        "numeric_2__numeric_4": 0.887339300171608,
        "numeric_1__numeric_4": 0.8529913955074855
      }
    },
    "regression": {
      "numeric_0": {
        "slope": -0.5831546929492603,
        "intercept": 0.8454189910318528,
        "r_squared": 0.4500151193007045,
        "p_value": 1.0236415333880726e-131,
        "std_error": 0.020407054631033362
      },
      "numeric_1": {
        "slope": 0.7192387891555784,
        "intercept": 0.2027219422904284,
        "r_squared": 0.540920678049152,
        "p_value": 6.566129305489298e-171,
        "std_error": 0.020974175831017784
      },
      "numeric_2": {
        "slope": 0.8504576431662073,
        "intercept": 0.11521533330105038,
        "r_squared": 0.8300537518554014,
        "p_value": 0.0,
        "std_error": 0.012181200736003862
      },
      "numeric_3": {
        "slope": -0.8492773852773843,
        "intercept": 0.957835017826117,
        "r_squared": 0.8175842039936363,
        "p_value": 0.0,
        "std_error": 0.012698407635163394
      },
      "numeric_4": {
        "slope": 0.7478276061854865,
        "intercept": 0.20435162647796867,
        "r_squared": 0.6560718066832338,
        "p_value": 1.5523309794846323e-233,
        "std_error": 0.017139353020138172
      }
    }
  }
}