{
  "status": "success",
  "analyses": {
    "descriptive": {
      "numeric_0": {
        "count": 10000.0,
        "mean": 0.5099458440967832,
        "std": 0.18369049211626545,
        "min": 0.0,
        "25%": 0.3705562413453436,
        "50%": 0.5091546133517217,
        "75%": 0.6443255108944901,
        "max": 1.0,
        "skew": 0.039238997194993575,
        "kurtosis": -0.6193874381900129
      },
      "numeric_1": {
        "count": 10000.0,
        "mean": 0.5006044610737731,
        "std": 0.16721195793628071,
        "min": 0.0,
        "25%": 0.3793899075729126,
        "50%": 0.5024780906632249,
        "75%": 0.6172289081975575,
        "max": 1.0,
        "skew": -0.004426629607557964,
        "kurtosis": -0.3355462574111918
      },
      "numeric_2": {
        "count": 10000.0,
        "mean": 0.4885672358650405,
        "std": 0.1805495833956733,
        "min": 0.0,
        "25%": 0.3517618545547794,
        "50%": 0.48884039913184607,
        "75%": 0.6282001174650874,
        "max": 1.0,
        "skew": -0.0004743485944728747,
        "kurtosis": -0.7204357489567905
      },
      "numeric_3": {
        "count": 10000.0,
        "mean": 0.4696600676655332,
        "std": 0.17800571116050284,
        "min": 0.0,
        "25%": 0.3330806322434763,
        "50%": 0.4702801676546614,
        "75%": 0.6083741598675513,
        "max": 1.0,
        "skew": 0.00316037330308979,
        "kurtosis": -0.7653669165401
      },
      "numeric_4": {
        "count": 10000.0,
        "mean": 0.5094261491802635,
        "std": 0.17515453584585042,
        "min": 0.0,
        "25%": 0.3698520952031994,
        "50%": 0.5118241121924221,
        "75%": 0.6457000530345696,
        "max": 1.0,
        "skew": -0.009976505008682714,
        "kurtosis": -0.7884694833686092
      },
      "target": {
        "count": 10000.0,
        "mean": 0.5009267372778182,
        "std": 0.16592924393411118,
        "min": 0.0,
        "25%": 0.3863063969134287,
        "50%": 0.5015904523772594,
        "75%": 0.6163440715954596,
        "max": 1.0,
        "skew": -0.020637267293013625,
        "kurtosis": -0.2250937937713693
      }
    },
    "correlation": {
      "matrix": {
        "numeric_0": {
          "numeric_0": 1.0,
          "numeric_1": -0.6453837990525579,
          "numeric_2": 0.8183347667162466,
          "numeric_3": -0.8290953235919242,
          "numeric_4": -0.8326081477821972,
          "target": 0.2687519491717648
        },
        "numeric_1": {
          "numeric_0": -0.6453837990525579,
          "numeric_1": 1.0,
          "numeric_2": -0.6767178034117357,
          "numeric_3": 0.6902114284803543,
          "numeric_4": 0.6947606707056125,
          "target": -0.458290192064157
        },
        "numeric_2": {
          "numeric_0": 0.8183347667162466,
          "numeric_1": -0.6767178034117357,
          "numeric_2": 1.0,
          "numeric_3": -0.8713409641830492,
          "numeric_4": -0.8757148858985352,
          "target": 0.669048064942842
        },
        "numeric_3": {
          "numeric_0": -0.8290953235919242,
          "numeric_1": 0.6902114284803543,
          "numeric_2": -0.8713409641830492,
          "numeric_3": 1.0,
          "numeric_4": 0.8897350383092884,
          "target": -0.45157833562839134
        },
        "numeric_4": {
          "numeric_0": -0.8326081477821972,
          "numeric_1": 0.6947606707056125,
          "numeric_2": -0.8757148858985352,
          "numeric_3": 0.8897350383092884,
          "numeric_4": 1.0,
          "target": -0.6503348007254811
        },
        "target": {
          "numeric_0": 0.2687519491717648,
          "numeric_1": -0.458290192064157,
          "numeric_2": 0.669048064942842,
          "numeric_3": -0.45157833562839134,
          "numeric_4": -0.6503348007254811,
          "target": 1.0
        }
      },
      "highest_correlations": {
        "numeric_4__numeric_3": 0.8897350383092884,
        "numeric_3__numeric_4": 0.8897350383092884,
        "numeric_2__numeric_0": 0.8183347667162466,
        "numeric_0__numeric_2": 0.8183347667162466,
        "numeric_4__numeric_1": 0.6947606707056125
      }
    },
    "regression": {
      "numeric_0": {
        "slope": 0.24276600937877954,
        "intercept": 0.3771292197071489,
        "r_squared": 0.0722276101836239,
        "p_value": 5.1504254335827655e-165,
        "std_error": 0.008701625984557482
      },
      "numeric_1": {
        "slope": -0.45477456283720175,
        "intercept": 0.7285889122169964,
        "r_squared": 0.21002990014220452,
        "p_value": 0.0,
        "std_error": 0.00882072663031066
      },
      "numeric_2": {
        "slope": 0.6148706492900526,
        "intercept": 0.2005210837396345,
        "r_squared": 0.44762531320376353,
        "p_value": 0.0,
        "std_error": 0.0068310389491057335
      },
      "numeric_3": {
        "slope": -0.4209418412439655,
        "intercept": 0.6986263109197132,
        "r_squared": 0.20392299320890966,
        "p_value": 0.0,
        "std_error": 0.008317828692940543
      },
      "numeric_4": {
        "slope": -0.616082028748538,
        "intercept": 0.8147750327623504,
        "r_squared": 0.4229353530346521,
        "p_value": 0.0,
        "std_error": 0.007197094647609945
      }
    }
  }
}