{
  "dataset_sizes": [
    100,
    500,
    1000
  ],
  "processing_times": [
    2.154953956604004,
    2.157379150390625,
    2.1735873222351074
  ],
  "memory_usages": [
    2.125,
    3.3125,
    2.578125
  ],
  "cpu_usages": [
    0.16999999999999998,
    0.8999999999999997,
    1.0499999999999994
  ],
  "summary": {
    "avg_time_per_100_rows": 0.9345961729685467,
    "base_memory_mb": 2.4464651639344255,
    "memory_per_row_kb": 0.4327868852459012,
    "avg_cpu_percent": 0.7066666666666664
  }
}