{
  "status": "success",
  "analyses": {
    "descriptive": {
      "x1": {
        "count": 1000.0,
        "mean": 0.5,
        "std": 0.28910854464038976,
        "min": 0.0,
        "25%": 0.25,
        "50%": 0.5,
        "75%": 0.75,
        "max": 1.0,
        "skew": 0.0,
        "kurtosis": -1.1999999999999997
      },
      "x2": {
        "count": 1000.0,
        "mean": 0.5,
        "std": 0.2891085446403898,
        "min": 0.0,
        "25%": 0.25,
        "50%": 0.5,
        "75%": 0.7500000000000001,
        "max": 1.0,
        "skew": 0.0,
        "kurtosis": -1.2000000000000002
      },
      "y": {
        "count": 1000.0,
        "mean": 0.4979997807579509,
        "std": 0.21918787725323985,
        "min": 0.0,
        "25%": 0.32846571623943793,
        "50%": 0.49252927492022813,
        "75%": 0.6777829118801438,
        "max": 1.0,
        "skew": 0.006029778077979853,
        "kurtosis": -0.8698963139659943
      }
    },
    "correlation": {
      "matrix": {
        "x1": {
          "x1": 1.0,
          "x2": 1.0,
          "y": 0.9280929730123386
        },
        "x2": {
          "x1": 1.0,
          "x2": 1.0,
          "y": 0.9280929730123386
        },
        "y": {
          "x1": 0.9280929730123386,
          "x2": 0.9280929730123386,
          "y": 1.0
        }
      },
      "highest_correlations": {
        "x1__y": 0.9280929730123386,
        "x2__y": 0.9280929730123386,
        "y__x1": 0.9280929730123386,
        "y__x2": 0.9280929730123386
      }
    },
    "regression": {
      "x1": {
        "slope": 0.7036344391040292,
        "intercept": 0.1461825612059363,
        "r_squared": 0.8613565665548812,
        "p_value": 0.0,
        "std_error": 0.00893593467062103
      },
      "x2": {
        "slope": 0.7036344391040292,
        "intercept": 0.1461825612059363,
        "r_squared": 0.8613565665548812,
        "p_value": 0.0,
        "std_error": 0.008935934670621029
      }
    }
  }
}