{
  "status": "success",
  "analyses": {
    "descriptive": {
      "x1": {
        "count": 100.0,
        "mean": 0.562586199653717,
        "std": 0.20307775013675683,
        "min": 0.0,
        "25%": 0.45143759397234684,
        "50%": 0.5574185668185893,
        "75%": 0.6765834971870004,
        "max": 1.0,
        "skew": -0.17794814262595157,
        "kurtosis": -0.10097745347286535
      },
      "x2": {
        "count": 100.0,
        "mean": 0.41843085760000465,
        "std": 0.20557905204093926,
        "min": 0.0,
        "25%": 0.23994934198492215,
        "50%": 0.43175342219648016,
        "75%": 0.5296342398695547,
        "max": 1.0,
        "skew": 0.3869837647365,
        "kurtosis": 0.030979026861083003
      },
      "strong_positive_y1": {
        "count": 100.0,
        "mean": 0.5465233779919034,
        "std": 0.1998519896773235,
        "min": 0.0,
        "25%": 0.40522935769170787,
        "50%": 0.5619455410856067,
        "75%": 0.674429714455254,
        "max": 1.0,
        "skew": -0.17722431133779934,
        "kurtosis": -0.0884289695554572
      },
      "moderate_negative_y2": {
        "count": 100.0,
        "mean": 0.5662649358914075,
        "std": 0.18989776485413218,
        "min": 0.0,
        "25%": 0.4460746375184219,
        "50%": 0.5645652552491156,
        "75%": 0.7148827091210215,
        "max": 1.0,
        "skew": -0.30947997326630566,
        "kurtosis": 0.13331535970034825
      },
      "weak_mixed_y3": {
        "count": 100.0,
        "mean": 0.49114234018143577,
        "std": 0.2041773297004111,
        "min": 0.0,
        "25%": 0.3725577710397151,
        "50%": 0.4836844294272564,
        "75%": 0.606651189669839,
        "max": 1.0,
        "skew": 0.1273701297898911,
        "kurtosis": 0.08977386631814532
      },
      "uncorrelated_y4": {
        "count": 100.0,
        "mean": 0.4968728970585276,
        "std": 0.19474311761513619,
        "min": 0.0,
        "25%": 0.38316790696048675,
        "50%": 0.4978064201103592,
        "75%": 0.6283364531923543,
        "max": 1.0,
        "skew": -0.03484867114443181,
        "kurtosis": 0.16134665276584936
      }
    },
    "correlation": {
      "matrix": {
        "x1": {
          "x1": 1.0,
          "x2": -0.13642221217000258,
          "strong_positive_y1": 0.9269033203803712,
          "moderate_negative_y2": 0.051836890794654,
          "weak_mixed_y3": 0.6015358892902599,
          "uncorrelated_y4": -0.15247455593321957
        },
        "x2": {
          "x1": -0.13642221217000258,
          "x2": 1.0,
          "strong_positive_y1": -0.1305016977828359,
          "moderate_negative_y2": -0.9085934093953293,
          "weak_mixed_y3": -0.39398298745538946,
          "uncorrelated_y4": -0.12977588076060986
        },
        "strong_positive_y1": {
          "x1": 0.9269033203803712,
          "x2": -0.1305016977828359,
          "strong_positive_y1": 1.0,
          "moderate_negative_y2": 0.05684630188747132,
          "weak_mixed_y3": 0.53633817946856,
          "uncorrelated_y4": -0.18833043057944285
        },
        "moderate_negative_y2": {
          "x1": 0.051836890794654,
          "x2": -0.9085934093953293,
          "strong_positive_y1": 0.05684630188747132,
          "moderate_negative_y2": 1.0,
          "weak_mixed_y3": 0.38005489842696744,
          "uncorrelated_y4": 0.1472808345028083
        },
        "weak_mixed_y3": {
          "x1": 0.6015358892902599,
          "x2": -0.39398298745538946,
          "strong_positive_y1": 0.53633817946856,
          "moderate_negative_y2": 0.38005489842696744,
          "weak_mixed_y3": 1.0,
          "uncorrelated_y4": -0.10662810020605593
        },
        "uncorrelated_y4": {
          "x1": -0.15247455593321957,
          "x2": -0.12977588076060986,
          "strong_positive_y1": -0.18833043057944285,
          "moderate_negative_y2": 0.1472808345028083,
          "weak_mixed_y3": -0.10662810020605593,
          "uncorrelated_y4": 1.0
        }
      },
      "highest_correlations": {
        "x1__strong_positive_y1": 0.9269033203803712,
        "strong_positive_y1__x1": 0.9269033203803712,
        "weak_mixed_y3__x1": 0.6015358892902599,
        "x1__weak_mixed_y3": 0.6015358892902599,
        "weak_mixed_y3__strong_positive_y1": 0.53633817946856
      }
    }
  }
}