{
  "status": "success",
  "analyses": {
    "descriptive": {
      "id": {
        "count": 100.0,
        "mean": 0.5,
        "std": 0.29304537349375775,
        "min": 0.0,
        "25%": 0.24999999999999997,
        "50%": 0.5,
        "75%": 0.75,
        "max": 1.0,
        "skew": 0.0,
        "kurtosis": -1.2000000000000004
      },
      "x1": {
        "count": 100.0,
        "mean": 0.4272761893143629,
        "std": 0.15065591743080764,
        "min": 0.0,
        "25%": 0.3313960609764935,
        "50%": 0.4301340314319829,
        "75%": 0.514161089469213,
        "max": 1.0,
        "skew": 0.2134744737296097,
        "kurtosis": 1.4093984176863974
      },
      "x2": {
        "count": 100.0,
        "mean": 0.5037053713683991,
        "std": 0.13796470795516078,
        "min": 0.0,
        "25%": 0.42284888439547585,
        "50%": 0.5037053713683991,
        "75%": 0.5710883457421125,
        "max": 1.0,
        "skew": 0.14916787052581604,
        "kurtosis": 2.405708385107373
      },
      "normal_col": {
        "count": 100.0,
        "mean": 0.5167265120082285,
        "std": 0.1898442605143277,
        "min": 0.0,
        "25%": 0.4061121061411168,
        "50%": 0.5215725630241936,
        "75%": 0.6552327960604002,
        "max": 1.0,
        "skew": -0.1918451622488877,
        "kurtosis": 0.17217273404372513
      }
    },
    "correlation": {
      "matrix": {
        "id": {
          "id": 1.0,
          "x1": -0.025637030081787755,
          "x2": 0.05308549978161255,
          "normal_col": 0.1117185810912275
        },
        "x1": {
          "id": -0.025637030081787755,
          "x1": 1.0,
          "x2": -0.19681937324183385,
          "normal_col": -0.12904898102766763
        },
        "x2": {
          "id": 0.05308549978161255,
          "x1": -0.19681937324183385,
          "x2": 1.0,
          "normal_col": -0.0055623823809666665
        },
        "normal_col": {
          "id": 0.1117185810912275,
          "x1": -0.12904898102766763,
          "x2": -0.0055623823809666665,
          "normal_col": 1.0
        }
      },
      "highest_correlations": {
        "id__normal_col": 0.1117185810912275,
        "normal_col__id": 0.1117185810912275,
        "id__x2": 0.05308549978161255,
        "x2__id": 0.05308549978161255,
        "x2__normal_col": -0.0055623823809666665
      }
    }
  }
}