{
  "status": "success",
  "analyses": {
    "descriptive": {
      "large_segment_diff": {
        "count": 100.0,
        "mean": 0.5357290343072304,
        "std": 0.24085873819573855,
        "min": 0.0,
        "25%": 0.3384661815727932,
        "50%": 0.5312001856681758,
        "75%": 0.7411012105091976,
        "max": 1.0,
        "skew": -0.07343568152832033,
        "kurtosis": -0.9933054305091855
      },
      "medium_segment_diff": {
        "count": 100.0,
        "mean": 0.5087055956436963,
        "std": 0.20197984503439384,
        "min": 0.0,
        "25%": 0.3874184317998545,
        "50%": 0.5125907516162806,
        "75%": 0.6420292647592027,
        "max": 1.0,
        "skew": -0.22005251904085815,
        "kurtosis": -0.04850386333411105
      },
      "no_segment_diff": {
        "count": 100.0,
        "mean": 0.4279861512426341,
        "std": 0.21080586609764257,
        "min": 0.0,
        "25%": 0.2981771641050823,
        "50%": 0.41274187252751615,
        "75%": 0.5873491492614212,
        "max": 1.0,
        "skew": 0.14436330237455036,
        "kurtosis": -0.058756714169246216
      }
    },
    "correlation": {
      "matrix": {
        "large_segment_diff": {
          "large_segment_diff": 1.0,
          "medium_segment_diff": 0.24012824469240643,
          "no_segment_diff": -0.1294378263572811
        },
        "medium_segment_diff": {
          "large_segment_diff": 0.24012824469240643,
          "medium_segment_diff": 1.0,
          "no_segment_diff": -0.003600624837354723
        },
        "no_segment_diff": {
          "large_segment_diff": -0.1294378263572811,
          "medium_segment_diff": -0.003600624837354723,
          "no_segment_diff": 1.0
        }
      },
      "highest_correlations": {
        "large_segment_diff__medium_segment_diff": 0.24012824469240643,
        "medium_segment_diff__large_segment_diff": 0.24012824469240643,
        "medium_segment_diff__no_segment_diff": -0.003600624837354723,
        "no_segment_diff__medium_segment_diff": -0.003600624837354723,
        "large_segment_diff__no_segment_diff": -0.1294378263572811
      }
    }
  }
}