{
  "metrics": {
    "accuracy": {
      "correlation_significance": [],
      "regression_r_squared": [
        0.5905144249559799,
        0.0049647086725719694
      ],
      "outlier_detection": [],
      "insight_relevance": []
    },
    "efficiency": {
      "total_runtime": [
        1.1092538833618164
      ],
      "step_runtimes": {
        "data_collection": [
          0.11124086380004883
        ],
        "data_processing": [
          0.12330985069274902
        ],
        "statistical_analysis": [
          0.12067604064941406
        ],
        "insight_generation": [
          0.12297987937927246
        ],
        "report_generation": [
          0.10321378707885742
        ]
      },
      "memory_usage": [
        0.015625
      ],
      "cpu_usage": [
        12.95
      ]
    },
    "reliability": {
      "error_rate": [
        0
      ],
      "error_types": {},
      "recovery_rate": [],
      "consistency": []
    },
    "system": {
      "dataset_size": [
        200
      ],
      "feature_count": [
        5
      ],
      "insight_count": [
        8
      ],
      "recommendation_count": [
        3
      ]
    }
  },
  "summary": {
    "accuracy": {
      "avg_r_squared": 0.29773956681427594
    },
    "efficiency": {
      "avg_runtime": 1.1092538833618164,
      "avg_data_collection_runtime": 0.11124086380004883,
      "avg_data_processing_runtime": 0.12330985069274902,
      "avg_statistical_analysis_runtime": 0.12067604064941406,
      "avg_insight_generation_runtime": 0.12297987937927246,
      "avg_report_generation_runtime": 0.10321378707885742,
      "avg_memory_usage": 0.015625,
      "avg_cpu_usage": 12.95
    },
    "reliability": {
      "error_rate": 0.0,
      "error_types": {}
    },
    "system": {
      "avg_dataset_size": 200.0,
      "avg_feature_count": 5.0,
      "avg_insight_count": 8.0,
      "avg_recommendation_count": 3.0
    }
  },
  "timestamp": "2025-08-02T03:51:10.143466"
}