{
  "metrics": {
    "accuracy": {
      "correlation_significance": [],
      "regression_r_squared": [
        0.6125509181986424,
        0.0037234607054585527
      ],
      "outlier_detection": [],
      "insight_relevance": []
    },
    "efficiency": {
      "total_runtime": [
        1.0979199409484863
      ],
      "step_runtimes": {
        "data_collection": [
          0.11228704452514648
        ],
        "data_processing": [
          0.12178468704223633
        ],
        "statistical_analysis": [
          0.11228108406066895
        ],
        "insight_generation": [
          0.12475228309631348
        ],
        "report_generation": [
          0.10362887382507324
        ]
      },
      "memory_usage": [
        0.171875
      ],
      "cpu_usage": [
        19.409999999999997
      ]
    },
    "reliability": {
      "error_rate": [
        0
      ],
      "error_types": {},
      "recovery_rate": [],
      "consistency": []
    },
    "system": {
      "dataset_size": [
        100
      ],
      "feature_count": [
        5
      ],
      "insight_count": [
        9
      ],
      "recommendation_count": [
        4
      ]
    }
  },
  "summary": {
    "accuracy": {
      "avg_r_squared": 0.3081371894520505
    },
    "efficiency": {
      "avg_runtime": 1.0979199409484863,
      "avg_data_collection_runtime": 0.11228704452514648,
      "avg_data_processing_runtime": 0.12178468704223633,
      "avg_statistical_analysis_runtime": 0.11228108406066895,
      "avg_insight_generation_runtime": 0.12475228309631348,
      "avg_report_generation_runtime": 0.10362887382507324,
      "avg_memory_usage": 0.171875,
      "avg_cpu_usage": 19.409999999999997
    },
    "reliability": {
      "error_rate": 0.0,
      "error_types": {}
    },
    "system": {
      "avg_dataset_size": 100.0,
      "avg_feature_count": 5.0,
      "avg_insight_count": 9.0,
      "avg_recommendation_count": 4.0
    }
  },
  "timestamp": "2025-08-02T03:50:56.637306"
}