{
  "metrics": {
    "accuracy": {
      "correlation_significance": [],
      "regression_r_squared": [
        0.6183803300436372,
        0.0010756016288084303
      ],
      "outlier_detection": [],
      "insight_relevance": []
    },
    "efficiency": {
      "total_runtime": [
        1.114914894104004
      ],
      "step_runtimes": {
        "data_collection": [
          0.10920977592468262
        ],
        "data_processing": [
          0.12657690048217773
        ],
        "statistical_analysis": [
          0.12620091438293457
        ],
        "insight_generation": [
          0.1247248649597168
        ],
        "report_generation": [
          0.10552406311035156
        ]
      },
      "memory_usage": [
        2.328125
      ],
      "cpu_usage": [
        12.129999999999999
      ]
    },
    "reliability": {
      "error_rate": [
        0
      ],
      "error_types": {},
      "recovery_rate": [],
      "consistency": []
    },
    "system": {
      "dataset_size": [
        100
      ],
      "feature_count": [
        5
      ],
      "insight_count": [
        9
      ],
      "recommendation_count": [
        3
      ]
    }
  },
  "summary": {
    "accuracy": {
      "avg_r_squared": 0.3097279658362228
    },
    "efficiency": {
      "avg_runtime": 1.114914894104004,
      "avg_data_collection_runtime": 0.10920977592468262,
      "avg_data_processing_runtime": 0.12657690048217773,
      "avg_statistical_analysis_runtime": 0.12620091438293457,
      "avg_insight_generation_runtime": 0.1247248649597168,
      "avg_report_generation_runtime": 0.10552406311035156,
      "avg_memory_usage": 2.328125,
      "avg_cpu_usage": 12.129999999999999
    },
    "reliability": {
      "error_rate": 0.0,
      "error_types": {}
    },
    "system": {
      "avg_dataset_size": 100.0,
      "avg_feature_count": 5.0,
      "avg_insight_count": 9.0,
      "avg_recommendation_count": 3.0
    }
  },
  "timestamp": "2025-08-02T03:50:53.294163"
}