{
  "metrics": {
    "accuracy": {
      "correlation_significance": [],
      "regression_r_squared": [
        0.6291829644118183,
        0.005298043075217652
      ],
      "outlier_detection": [],
      "insight_relevance": []
    },
    "efficiency": {
      "total_runtime": [
        1.1079256534576416
      ],
      "step_runtimes": {
        "data_collection": [
          0.11128115653991699
        ],
        "data_processing": [
          0.12101602554321289
        ],
        "statistical_analysis": [
          0.12017607688903809
        ],
        "insight_generation": [
          0.12119007110595703
        ],
        "report_generation": [
          0.10791015625
        ]
      },
      "memory_usage": [
        0.015625
      ],
      "cpu_usage": [
        12.960000000000003
      ]
    },
    "reliability": {
      "error_rate": [
        0
      ],
      "error_types": {},
      "recovery_rate": [],
      "consistency": []
    },
    "system": {
      "dataset_size": [
        300
      ],
      "feature_count": [
        5
      ],
      "insight_count": [
        8
      ],
      "recommendation_count": [
        4
      ]
    }
  },
  "summary": {
    "accuracy": {
      "avg_r_squared": 0.317240503743518
    },
    "efficiency": {
      "avg_runtime": 1.1079256534576416,
      "avg_data_collection_runtime": 0.11128115653991699,
      "avg_data_processing_runtime": 0.12101602554321289,
      "avg_statistical_analysis_runtime": 0.12017607688903809,
      "avg_insight_generation_runtime": 0.12119007110595703,
      "avg_report_generation_runtime": 0.10791015625,
      "avg_memory_usage": 0.015625,
      "avg_cpu_usage": 12.960000000000003
    },
    "reliability": {
      "error_rate": 0.0,
      "error_types": {}
    },
    "system": {
      "avg_dataset_size": 300.0,
      "avg_feature_count": 5.0,
      "avg_insight_count": 8.0,
      "avg_recommendation_count": 4.0
    }
  },
  "timestamp": "2025-08-02T03:51:21.435970"
}