{
  "metrics": {
    "accuracy": {
      "correlation_significance": [],
      "regression_r_squared": [
        0.6619073197396107,
        0.004420559093318922
      ],
      "outlier_detection": [],
      "insight_relevance": []
    },
    "efficiency": {
      "total_runtime": [
        1.0950899124145508
      ],
      "step_runtimes": {
        "data_collection": [
          0.10963582992553711
        ],
        "data_processing": [
          0.10930800437927246
        ],
        "statistical_analysis": [
          0.11927103996276855
        ],
        "insight_generation": [
          0.12414002418518066
        ],
        "report_generation": [
          0.10727286338806152
        ]
      },
      "memory_usage": [
        0.015625
      ],
      "cpu_usage": [
        14.729999999999999
      ]
    },
    "reliability": {
      "error_rate": [
        0
      ],
      "error_types": {},
      "recovery_rate": [],
      "consistency": []
    },
    "system": {
      "dataset_size": [
        300
      ],
      "feature_count": [
        5
      ],
      "insight_count": [
        8
      ],
      "recommendation_count": [
        3
      ]
    }
  },
  "summary": {
    "accuracy": {
      "avg_r_squared": 0.3331639394164648
    },
    "efficiency": {
      "avg_runtime": 1.0950899124145508,
      "avg_data_collection_runtime": 0.10963582992553711,
      "avg_data_processing_runtime": 0.10930800437927246,
      "avg_statistical_analysis_runtime": 0.11927103996276855,
      "avg_insight_generation_runtime": 0.12414002418518066,
      "avg_report_generation_runtime": 0.10727286338806152,
      "avg_memory_usage": 0.015625,
      "avg_cpu_usage": 14.729999999999999
    },
    "reliability": {
      "error_rate": 0.0,
      "error_types": {}
    },
    "system": {
      "avg_dataset_size": 300.0,
      "avg_feature_count": 5.0,
      "avg_insight_count": 8.0,
      "avg_recommendation_count": 3.0
    }
  },
  "timestamp": "2025-08-02T03:51:18.047370"
}