{
  "metrics": {
    "accuracy": {
      "correlation_significance": [],
      "regression_r_squared": [
        0.6527477766825847,
        0.005710980441505442
      ],
      "outlier_detection": [],
      "insight_relevance": []
    },
    "efficiency": {
      "total_runtime": [
        1.113562822341919
      ],
      "step_runtimes": {
        "data_collection": [
          0.11393570899963379
        ],
        "data_processing": [
          0.12068486213684082
        ],
        "statistical_analysis": [
          0.11977291107177734
        ],
        "insight_generation": [
          0.12589073181152344
        ],
        "report_generation": [
          0.10726785659790039
        ]
      },
      "memory_usage": [
        0.21875
      ],
      "cpu_usage": [
        13.84
      ]
    },
    "reliability": {
      "error_rate": [
        0
      ],
      "error_types": {},
      "recovery_rate": [],
      "consistency": []
    },
    "system": {
      "dataset_size": [
        300
      ],
      "feature_count": [
        5
      ],
      "insight_count": [
        8
      ],
      "recommendation_count": [
        4
      ]
    }
  },
  "summary": {
    "accuracy": {
      "avg_r_squared": 0.32922937856204504
    },
    "efficiency": {
      "avg_runtime": 1.113562822341919,
      "avg_data_collection_runtime": 0.11393570899963379,
      "avg_data_processing_runtime": 0.12068486213684082,
      "avg_statistical_analysis_runtime": 0.11977291107177734,
      "avg_insight_generation_runtime": 0.12589073181152344,
      "avg_report_generation_runtime": 0.10726785659790039,
      "avg_memory_usage": 0.21875,
      "avg_cpu_usage": 13.84
    },
    "reliability": {
      "error_rate": 0.0,
      "error_types": {}
    },
    "system": {
      "avg_dataset_size": 300.0,
      "avg_feature_count": 5.0,
      "avg_insight_count": 8.0,
      "avg_recommendation_count": 4.0
    }
  },
  "timestamp": "2025-08-02T03:51:13.538425"
}