{
  "metrics": {
    "accuracy": {
      "correlation_significance": [],
      "regression_r_squared": [
        0.6465935985873549,
        0.004662599400144404
      ],
      "outlier_detection": [],
      "insight_relevance": []
    },
    "efficiency": {
      "total_runtime": [
        1.115751028060913
      ],
      "step_runtimes": {
        "data_collection": [
          0.11248111724853516
        ],
        "data_processing": [
          0.1225430965423584
        ],
        "statistical_analysis": [
          0.12255716323852539
        ],
        "insight_generation": [
          0.12841176986694336
        ],
        "report_generation": [
          0.1073920726776123
        ]
      },
      "memory_usage": [
        0.046875
      ],
      "cpu_usage": [
        15.489999999999998
      ]
    },
    "reliability": {
      "error_rate": [
        0
      ],
      "error_types": {},
      "recovery_rate": [],
      "consistency": []
    },
    "system": {
      "dataset_size": [
        100
      ],
      "feature_count": [
        5
      ],
      "insight_count": [
        9
      ],
      "recommendation_count": [
        4
      ]
    }
  },
  "summary": {
    "accuracy": {
      "avg_r_squared": 0.3256280989937496
    },
    "efficiency": {
      "avg_runtime": 1.115751028060913,
      "avg_data_collection_runtime": 0.11248111724853516,
      "avg_data_processing_runtime": 0.1225430965423584,
      "avg_statistical_analysis_runtime": 0.12255716323852539,
      "avg_insight_generation_runtime": 0.12841176986694336,
      "avg_report_generation_runtime": 0.1073920726776123,
      "avg_memory_usage": 0.046875,
      "avg_cpu_usage": 15.489999999999998
    },
    "reliability": {
      "error_rate": 0.0,
      "error_types": {}
    },
    "system": {
      "avg_dataset_size": 100.0,
      "avg_feature_count": 5.0,
      "avg_insight_count": 9.0,
      "avg_recommendation_count": 4.0
    }
  },
  "timestamp": "2025-08-02T03:51:02.263140"
}