{
  "metrics": {
    "accuracy": {
      "correlation_significance": [],
      "regression_r_squared": [
        0.5316550023573265,
        0.006075075330265723
      ],
      "outlier_detection": [],
      "insight_relevance": []
    },
    "efficiency": {
      "total_runtime": [
        1.1068048477172852
      ],
      "step_runtimes": {
        "data_collection": [
          0.11019706726074219
        ],
        "data_processing": [
          0.1264641284942627
        ],
        "statistical_analysis": [
          0.11948180198669434
        ],
        "insight_generation": [
          0.12011384963989258
        ],
        "report_generation": [
          0.1067509651184082
        ]
      },
      "memory_usage": [
        0.015625
      ],
      "cpu_usage": [
        14.080000000000002
      ]
    },
    "reliability": {
      "error_rate": [
        0
      ],
      "error_types": {},
      "recovery_rate": [],
      "consistency": []
    },
    "system": {
      "dataset_size": [
        300
      ],
      "feature_count": [
        5
      ],
      "insight_count": [
        7
      ],
      "recommendation_count": [
        3
      ]
    }
  },
  "summary": {
    "accuracy": {
      "avg_r_squared": 0.26886503884379614
    },
    "efficiency": {
      "avg_runtime": 1.1068048477172852,
      "avg_data_collection_runtime": 0.11019706726074219,
      "avg_data_processing_runtime": 0.1264641284942627,
      "avg_statistical_analysis_runtime": 0.11948180198669434,
      "avg_insight_generation_runtime": 0.12011384963989258,
      "avg_report_generation_runtime": 0.1067509651184082,
      "avg_memory_usage": 0.015625,
      "avg_cpu_usage": 14.080000000000002
    },
    "reliability": {
      "error_rate": 0.0,
      "error_types": {}
    },
    "system": {
      "avg_dataset_size": 300.0,
      "avg_feature_count": 5.0,
      "avg_insight_count": 7.0,
      "avg_recommendation_count": 3.0
    }
  },
  "timestamp": "2025-08-02T03:51:20.301739"
}