{
  "metrics": {
    "accuracy": {
      "correlation_significance": [],
      "regression_r_squared": [
        0.616677854654261,
        0.013178337685812372,
        0.0015188062777425433
      ],
      "outlier_detection": [],
      "insight_relevance": []
    },
    "efficiency": {
      "total_runtime": [
        1.1213700771331787
      ],
      "step_runtimes": {
        "data_collection": [
          0.11317181587219238
        ],
        "data_processing": [
          0.12900805473327637
        ],
        "statistical_analysis": [
          0.12369799613952637
        ],
        "insight_generation": [
          0.12769293785095215
        ],
        "report_generation": [
          0.10397005081176758
        ]
      },
      "memory_usage": [
        0.1875
      ],
      "cpu_usage": [
        7.8
      ]
    },
    "reliability": {
      "error_rate": [
        0
      ],
      "error_types": {},
      "recovery_rate": [],
      "consistency": []
    },
    "system": {
      "dataset_size": [
        500
      ],
      "feature_count": [
        6
      ],
      "insight_count": [
        7
      ],
      "recommendation_count": [
        3
      ]
    }
  },
  "summary": {
    "accuracy": {
      "avg_r_squared": 0.2104583328726053
    },
    "efficiency": {
      "avg_runtime": 1.1213700771331787,
      "avg_data_collection_runtime": 0.11317181587219238,
      "avg_data_processing_runtime": 0.12900805473327637,
      "avg_statistical_analysis_runtime": 0.12369799613952637,
      "avg_insight_generation_runtime": 0.12769293785095215,
      "avg_report_generation_runtime": 0.10397005081176758,
      "avg_memory_usage": 0.1875,
      "avg_cpu_usage": 7.8
    },
    "reliability": {
      "error_rate": 0.0,
      "error_types": {}
    },
    "system": {
      "avg_dataset_size": 500.0,
      "avg_feature_count": 6.0,
      "avg_insight_count": 7.0,
      "avg_recommendation_count": 3.0
    }
  },
  "timestamp": "2025-08-02T15:19:03.006161"
}